{
  "samples": [
    {
      "robot_pose_frame": "flange",
      "robot_pose": [
        -0.41295099999999996,
        0.133452,
        0.384735,
        2.7054174202238905,
        1.3947100585611887,
        1.2549789986465227
      ],
      "predicted_target_pose": [
        -0.372957212051632,
        0.22747022239800618,
        0.41063575053163687,
        -3.0319554476555157,
        0.1672495981700586,
        -1.5377374388864513
      ],
      "observed_target_pose": [
        -0.3500281752751855,
        0.2202212327980788,
        0.40835942079599774,
        -3.031921828833496,
        0.17822713073430005,
        -1.538883964347662
      ],
      "translation_error_mm": 24.155128953927115,
      "rotation_error_deg": 0.6324247543470083,
      "pnp_reprojection_px": 0.26117441058158875
    },
    {
      "robot_pose_frame": "flange",
      "robot_pose": [
        -0.398269,
        0.072535,
        0.47212699999999996,
        1.2274551563425722,
        1.1826874610289175,
        -0.22670081654154348
      ],
      "predicted_target_pose": [
        -0.3611628598150045,
        0.17017848559932783,
        0.48622175704038134,
        -2.7148428372469007,
        -0.09266321589637797,
        -1.5639174606368216
      ],
      "observed_target_pose": [
        -0.3606941349356141,
        0.17552142084623953,
        0.4830881477192529,
        -2.6829253190684814,
        -0.09771144499914634,
        -1.5747617435601717
      ],
      "translation_error_mm": 6.211776512618115,
      "rotation_error_deg": 1.8968322865861766,
      "pnp_reprojection_px": 0.33873334527015686
    },
    {
      "robot_pose_frame": "flange",
      "robot_pose": [
        -0.42585,
        0.008461,
        0.43285199999999996,
        -0.09450957899549295,
        1.037563333725589,
        -0.17013469548440724
      ],
      "predicted_target_pose": [
        -0.5036053304149287,
        0.06585807614209176,
        0.3907870224314069,
        -3.0931364297641952,
        -0.5316623022405682,
        -0.1676520649988148
      ],
      "observed_target_pose": [
        -0.5159177249744967,
        0.07229133467207585,
        0.37822293768850856,
        -3.1054468002110402,
        -0.5559052450372702,
        -0.18122436094788819
      ],
      "translation_error_mm": 18.73067271965488,
      "rotation_error_deg": 1.897126952859155,
      "pnp_reprojection_px": 0.3652484714984894
    },
    {
      "robot_pose_frame": "flange",
      "robot_pose": [
        -0.501773,
        -0.016721,
        0.36939299999999997,
        1.0671815711319328,
        1.2324991578808357,
        -0.342904838139326
      ],
      "predicted_target_pose": [
        -0.46728818219871676,
        0.08257440817867263,
        0.37720308010747317,
        -2.779979871997808,
        -0.1315685443239548,
        -1.522925261248701
      ],
      "observed_target_pose": [
        -0.46095624250926315,
        0.08846457965235877,
        0.37027611218153145,
        -2.7893892697928404,
        -0.16696236350107294,
        -1.547676278338746
      ],
      "translation_error_mm": 11.080183431122839,
      "rotation_error_deg": 2.577078352156411,
      "pnp_reprojection_px": 0.24959421157836914
    },
    {
      "robot_pose_frame": "flange",
      "robot_pose": [
        -0.437743,
        -0.095985,
        0.374701,
        -0.23963370629882144,
        1.1049155895600502,
        -0.8785289322838657
      ],
      "predicted_target_pose": [
        -0.4751450955784327,
        -0.00528415024114659,
        0.3361754604865066,
        3.117725170309735,
        -0.458880912543902,
        -0.7141259746697011
      ],
      "observed_target_pose": [
        -0.4717524344289189,
        0.014284798799123283,
        0.32876725745737145,
        3.1181074159916697,
        -0.46445078159231235,
        -0.7361216096534146
      ],
      "translation_error_mm": 21.197532600210494,
      "rotation_error_deg": 1.2907277509392598,
      "pnp_reprojection_px": 0.4784783720970154
    }
  ],
  "summary": {
    "mean_translation_error_mm": 16.27505884350669,
    "max_translation_error_mm": 24.155128953927115,
    "mean_rotation_error_deg": 1.6588380193776022,
    "mean_pnp_reprojection_px": 0.3386457622051239
  }
}